Buzzword,Category
Machine Learning,Artificial Intelligence
Deep Learning,Artificial Intelligence
Neural Network,Artificial Intelligence
Natural Language Processing,Artificial Intelligence
Computer Vision,Artificial Intelligence
AI Agent,Artificial Intelligence
Agentic AI,Artificial Intelligence
RAG AI,Artificial Intelligence
CAG AI,Artificial Intelligence
Multi Model,Artificial Intelligence
Generative AI,Artificial Intelligence
Large Language Model,Artificial Intelligence
Blockchain,Blockchain and Web3
Web3,Blockchain and Web3
Cryptocurrency,Blockchain and Web3
DeFi,Blockchain and Web3
DApp,Blockchain and Web3
DAO,Blockchain and Web3
NFT,Blockchain and Web3
Altcoin,Blockchain and Web3
Airdrop,Blockchain and Web3
ATH,Blockchain and Web3
Bagholder,Blockchain and Web3
Bear market,Blockchain and Web3
BTD,Blockchain and Web3
Bull market,Blockchain and Web3
Cold storage,Blockchain and Web3
Dev(s),Blockchain and Web3
Diamond hands,Blockchain and Web3
Dust,Blockchain and Web3
DYOR,Blockchain and Web3
Flip,Blockchain and Web3
Flippening,Blockchain and Web3
FOMO,Blockchain and Web3
Fork,Blockchain and Web3
FUD,Blockchain and Web3
Gas,Blockchain and Web3
GM,Blockchain and Web3
HODL,Blockchain and Web3
Hot wallet,Blockchain and Web3
KYC,Blockchain and Web3
Maxi,Blockchain and Web3
Meme coin,Blockchain and Web3
Mining,Blockchain and Web3
Pending Pool,Blockchain and Web3
Pending Simulation Transaction,Blockchain and Web3
Pending Transaction,Blockchain and Web3
Pre-Chain,Blockchain and Web3
Pre-Consensus,Blockchain and Web3
Proof of Stake,Blockchain and Web3
Proof of Work,Blockchain and Web3
Pool Imbalance Sandwiching,Blockchain and Web3
Testnet,Blockchain and Web3
Tip,Blockchain and Web3
Tokenomics,Blockchain and Web3
Total Value Locked,Blockchain and Web3
Account Abstraction,Blockchain and Web3
Alpha,Blockchain and Web3
Apeing,Blockchain and Web3
Application Layer,Blockchain and Web3
Arbitrage,Blockchain and Web3
Blackcat ransomware,Blockchain and Web3
Block,Blockchain and Web3
Block Reward,Blockchain and Web3
Blockchain explorer,Blockchain and Web3
Blockchain Indexing,Blockchain and Web3
Blue Chip NFTs,Blockchain and Web3
Bounty,Blockchain and Web3
BRC-720,Blockchain and Web3
Breakout,Blockchain and Web3
BUIDL,Blockchain and Web3
Bull Market,Blockchain and Web3
Bull Trap,Blockchain and Web3
Burner Wallet,Blockchain and Web3
DeFi composability,Blockchain and Web3
Compressed NFT,Blockchain and Web3
Creator economy,Blockchain and Web3
Cross-Chain,Blockchain and Web3
Identity Verification,Blockchain and Web3
Immutable,Blockchain and Web3
Impermanent Loss,Blockchain and Web3
Impersonation Fraud,Blockchain and Web3
Incentive Network,Blockchain and Web3
Infinite Mint Attack,Blockchain and Web3
Inflation,Blockchain and Web3
Initial DEX Offering,Blockchain and Web3
Keylogger,Blockchain and Web3
Known Plaintext Attack,Blockchain and Web3
Latency,Blockchain and Web3
Layer 0,Blockchain and Web3
Layer 1 Blockchain,Blockchain and Web3
Layer 2 Blockchain,Blockchain and Web3
Ledger,Blockchain and Web3
Leverage,Blockchain and Web3
LFG,Blockchain and Web3
Light Node,Blockchain and Web3
Mainnet,Blockchain and Web3
Margin Trading,Blockchain and Web3
Market Capitalization,Blockchain and Web3
Market Depth,Blockchain and Web3
Maximal Extractable Value,Blockchain and Web3
MemeFi,Blockchain and Web3
Mempool,Blockchain and Web3
Account,Blockchain and Web3
Address,Blockchain and Web3
AML,Blockchain and Web3
API,Blockchain and Web3
AppChain,Blockchain and Web3
ASIC,Blockchain and Web3
Attestation,Blockchain and Web3
Beacon Chain,Blockchain and Web3
Bitcoin,Blockchain and Web3
Block height,Blockchain and Web3
Block time,Blockchain and Web3
Blockchain trilemma,Blockchain and Web3
Brain wallet,Blockchain and Web3
Bridge,Blockchain and Web3
Bytecode,Blockchain and Web3
Byzantine fault tolerance,Blockchain and Web3
Byzantium fork,Blockchain and Web3
Client,Blockchain and Web3
Coin,Blockchain and Web3
Cold wallet,Blockchain and Web3
Confirmation,Blockchain and Web3
Consensus,Blockchain and Web3
Distributed ledger,Blockchain and Web3
EIP,Blockchain and Web3
Encrypted vs unencrypted keys,Blockchain and Web3
Encryption,Blockchain and Web3
Enterprise Ethereum Alliance,Blockchain and Web3
Entropy,Blockchain and Web3
Epoch,Blockchain and Web3
ERC-20 Token Standard,Blockchain and Web3
ERC-721 Token Standard,Blockchain and Web3
Ether,Blockchain and Web3
Etherscan,Blockchain and Web3
ENS,Blockchain and Web3
ERC,Blockchain and Web3
EVM,Blockchain and Web3
Exchange,Blockchain and Web3
Faucet,Blockchain and Web3
Fiat currency,Blockchain and Web3
Final,Blockchain and Web3
Finality,Blockchain and Web3
Finney,Blockchain and Web3
Gwei,Blockchain and Web3
Halving,Blockchain and Web3
Hard fork,Blockchain and Web3
Hardware wallet,Blockchain and Web3
Hash,Blockchain and Web3
HD wallet,Blockchain and Web3
Hexadecimal,Blockchain and Web3
Hot storage,Blockchain and Web3
Hyperledger,Blockchain and Web3
ICO,Blockchain and Web3
Immutable,Blockchain and Web3
Infura,Blockchain and Web3
Internal transaction,Blockchain and Web3
InterPlanetary File System,Blockchain and Web3
JSON-RPC,Blockchain and Web3
Keystore file,Blockchain and Web3
Layer 2,Blockchain and Web3
Light client,Blockchain and Web3
Liquid Democracy,Blockchain and Web3
Liquidity,Blockchain and Web3
Market cap,Blockchain and Web3
Memory pool,Blockchain and Web3
Merge,Blockchain and Web3
Merkle Patricia trie,Blockchain and Web3
Mesh,Blockchain and Web3
MetaMask,Blockchain and Web3
Mnemonic phrase,Blockchain and Web3
Modular blockchain,Blockchain and Web3
Multi-signature wallet,Blockchain and Web3
Node,Blockchain and Web3
NFT aggregator,Blockchain and Web3
Nonce,Blockchain and Web3
Ommer block,Blockchain and Web3
On-ramp,Blockchain and Web3
Off-ramp,Blockchain and Web3
Optimistic rollup,Blockchain and Web3
Oracle,Blockchain and Web3
P2P,Blockchain and Web3
Parity,Blockchain and Web3
Permissioned ledger,Blockchain and Web3
Plasma,Blockchain and Web3
PoA,Blockchain and Web3
PoS/PoW Hybrid,Blockchain and Web3
Private blockchain,Blockchain and Web3
Private currency,Blockchain and Web3
Private key,Blockchain and Web3
Proof of Authority,Blockchain and Web3
Proof of Work,Blockchain and Web3
Protocol,Blockchain and Web3
Public blockchain,Blockchain and Web3
Public key,Blockchain and Web3
Relayer,Blockchain and Web3
Rollups,Blockchain and Web3
RPC,Blockchain and Web3
Rug pull,Blockchain and Web3
Satoshi Nakamoto,Blockchain and Web3
Scalability,Blockchain and Web3
Seed,Blockchain and Web3
Secret Recovery Phrase,Blockchain and Web3
Self-executing,Blockchain and Web3
Serenity,Blockchain and Web3
Serialization,Blockchain and Web3
Sharding,Blockchain and Web3
Sidechains,Blockchain and Web3
Slashing condition,Blockchain and Web3
Slot,Blockchain and Web3
Smart contracts,Blockchain and Web3
Soft fork,Blockchain and Web3
Solidity,Blockchain and Web3
Stablecoin,Blockchain and Web3
Staking,Blockchain and Web3
State,Blockchain and Web3
State channels,Blockchain and Web3
Swap,Blockchain and Web3
Testnet Kovan,Blockchain and Web3
Testnet Rinkeby,Blockchain and Web3
Testnet Ropsten,Blockchain and Web3
Token,Blockchain and Web3
Transaction block,Blockchain and Web3
Transaction fee,Blockchain and Web3
Transaction pool,Blockchain and Web3
Trustless,Blockchain and Web3
Validator,Blockchain and Web3
Validity proof,Blockchain and Web3
Validium,Blockchain and Web3
Wallet,Blockchain and Web3
Web 3.0,Blockchain and Web3
zk-SNARKs,Blockchain and Web3
Zero address,Blockchain and Web3
4,Blockchain and Web3
Address poisoning,Blockchain and Web3
Address spoofing,Blockchain and Web3
Zero-transfer attack,Blockchain and Web3
Annual percentage rate,Blockchain and Web3
APR,Blockchain and Web3
Annual percentage yield,Blockchain and Web3
APY,Blockchain and Web3
Apes,Blockchain and Web3
Augmented reality,Blockchain and Web3
AR,Blockchain and Web3
Bad debt,Blockchain and Web3
Bitcoin maximalist,Blockchain and Web3
Bitcoin maxi,Blockchain and Web3
Bug bounty,Blockchain and Web3
Decentralized autonomous organization,Blockchain and Web3
dApp,Blockchain and Web3
Decentralized exchange,Blockchain and Web3
DEX,Blockchain and Web3
Disgorgement,Blockchain and Web3
Double-spending,Blockchain and Web3
Forced liquidation,Blockchain and Web3
Getting liquidated,Blockchain and Web3
Freezing,Blockchain and Web3
Gas fees,Blockchain and Web3
Liquidity pool,Blockchain and Web3
Mainnet,Blockchain and Web3
Non-fungible token,Blockchain and Web3
PFP,Blockchain and Web3
Profile picture,Blockchain and Web3
Shitcoin,Blockchain and Web3
TVL,Blockchain and Web3
ABI,Blockchain and Web3
AMM,Blockchain and Web3
Arbitrum,Blockchain and Web3
Archival Nodes,Blockchain and Web3
Base Fee,Blockchain and Web3
Off-Chain,Blockchain and Web3
On-Chain,Blockchain and Web3
Onboard,Blockchain and Web3
Optimism,Blockchain and Web3
Optimistic Rollups,Blockchain and Web3
Nonce,Blockchain and Web3
Geth,Blockchain and Web3
Degen,Blockchain and Web3
Layer 1 Blockchain,Blockchain and Web3
BscScan,Blockchain and Web3
ERC-1155,Blockchain and Web3
Consensus Mechanism,Blockchain and Web3
Rinkeby Testnet,Blockchain and Web3
P2P,Blockchain and Web3
Protocols,Blockchain and Web3
Interfaces,Blockchain and Web3
Methodologies,Blockchain and Web3
Identity Management,Blockchain and Web3
Decentralized Storage,Blockchain and Web3
Web3 infrastructure,Blockchain and Web3
Web3 Stack,Blockchain and Web3
Sybil Resistance,Blockchain and Web3
Web3 technology adoption,Blockchain and Web3
Sovereign Identity,Blockchain and Web3
Token Swap,Blockchain and Web3
Privacy,Blockchain and Web3
Governance Tokens,Blockchain and Web3
Web3 Oracles,Blockchain and Web3
Data management,Blockchain and Web3
Token Burn,Blockchain and Web3
Token Bridge,Blockchain and Web3
zkRollup,Blockchain and Web3
Cloud Native,Cloud Computing
DevOps,Cloud Computing
Elasticity,Cloud Computing
Edge Computing,Cloud Computing
Serverless Computing,Cloud Computing
Hybrid Cloud,Cloud Computing
Multi-cloud,Cloud Computing
Cloud Security,Cloud Computing
AI and ML in Cloud,Cloud Computing
Blockchain and Cloud,Cloud Computing
Cloud Interoperability and Portability,Cloud Computing
Sustainability in Cloud Computing,Cloud Computing
API,Cloud Computing
Cloud Foundry,Cloud Computing
Monolithic Applications,Cloud Computing
Open Source,Cloud Computing
Pipeline,Cloud Computing
Refactoring,Cloud Computing
Service Level Agreement,Cloud Computing
Velocity,Cloud Computing
Virtualization,Cloud Computing
Cloud-Native Applications,Cloud Computing
Kubernetes,Cloud Computing
Multi-Cloud Strategy,Cloud Computing
Serverless Architecture,Cloud Computing
AI and Cloud Integration,Cloud Computing
FinOps,Cloud Computing
Containers,Cloud Computing
Infrastructure as Code,Cloud Computing
DRaaS,Cloud Computing
CSPM,Cloud Computing
Quantum Computing in the Cloud,Cloud Computing
Hyperscaler,Cloud Computing
Public Cloud,Cloud Computing
Private Cloud,Cloud Computing
Multi Cloud,Cloud Computing
as a Service,Cloud Computing
IaaS,Cloud Computing
PaaS,Cloud Computing
SaaS,Cloud Computing
XaaS,Cloud Computing
Cloud Computing Stack,Cloud Computing
Application migration,Cloud Computing
application modernization,Cloud Computing
artificial intelligence,Cloud Computing
machine learning,Cloud Computing
big data analytics,Cloud Computing
business analytics tools,Cloud Computing
caching,Cloud Computing
cloud,Cloud Computing
cloud bursting,Cloud Computing
cloud infrastructure,Cloud Computing
cloud migration,Cloud Computing
cloud migration benefits,Cloud Computing
CDN,Cloud Computing
Cloud broker,Cloud Computing
Bare Metal IaaS,Cloud Computing
Cloud encryption key,Cloud Computing
Distributed computing,Cloud Computing
Cloudwashing,Cloud Computing
Cluster,Cloud Computing
Customer self-service,Cloud Computing
Database as a Service,Cloud Computing
Vertical cloud,Cloud Computing
Scale out,Cloud Computing
SDN,Cloud Computing
Cloud service migration,Cloud Computing
Utility computing,Cloud Computing
VPC,Cloud Computing
Wing,Cloud Computing
Python,Cloud Computing
Go,Cloud Computing
Golang,Cloud Computing
JavaScript,Cloud Computing
Node.js,Cloud Computing
Rust,Cloud Computing
Kubernetes YAML,Cloud Computing
Terraform HCL,Cloud Computing
Multi-Tenancy,Cloud Computing
Agile methodology,Cloud Computing
Cloud economics,Cloud Computing
Cloud environment,Cloud Computing
Configuration Management Database,Cloud Computing
CMDB,Cloud Computing
Consumption based pricing,Cloud Computing
Content Delivery Network,Cloud Computing
Logging,Cloud Computing
RAPID Framework,Cloud Computing
RASCI Framework,Cloud Computing
Repatriation,Cloud Computing
Resilience,Cloud Computing
Resource,Cloud Computing
Scalability,Cloud Computing
Scrum methodology,Cloud Computing
SLA,Cloud Computing
Virtual Machine,Cloud Computing
Synergy,Digital Transformation and Innovation
Disruptive,Digital Transformation and Innovation
Leverage,Digital Transformation and Innovation
Pivot,Digital Transformation and Innovation
Authenticity,Digital Transformation and Innovation
Agile,Digital Transformation and Innovation
Scalability,Digital Transformation and Innovation
Innovation,Digital Transformation and Innovation
Digital Transformation,Digital Transformation and Innovation
Empowerment,Digital Transformation and Innovation
Disruptive Innovation,Digital Transformation and Innovation
Digital customer journey,Digital Transformation and Innovation
No-code platform,Digital Transformation and Innovation
AI builder,Digital Transformation and Innovation
eSignature,Digital Transformation and Innovation
Internet of Things,Digital Transformation and Innovation
Big Data Analytics,Digital Transformation and Innovation
Blockchain Technology,Digital Transformation and Innovation
Edge Computing,Digital Transformation and Innovation
Cybersecurity,Digital Transformation and Innovation
Agile Method,Digital Transformation and Innovation
Human-centric,Digital Transformation and Innovation
Customer Experience,Digital Transformation and Innovation
Metaverse,Digital Transformation and Innovation
Leveraging Data,Digital Transformation and Innovation
Big Data,Digital Transformation and Innovation
Business Model Innovation,Digital Transformation and Innovation
Operational Efficiency,Digital Transformation and Innovation
Transformation,Digital Transformation and Innovation
Customers,Digital Transformation and Innovation
Operations,Digital Transformation and Innovation
Products,Digital Transformation and Innovation
Data,Digital Transformation and Innovation
Team,Digital Transformation and Innovation
Hyper Automation,Digital Transformation and Innovation
AI-Driven Decision-Making,Digital Transformation and Innovation
Enterprise Resource Planning,Digital Transformation and Innovation
ERP,Digital Transformation and Innovation
Connected User Experience,Digital Transformation and Innovation
Everything as a Service,Digital Transformation and Innovation
XaaS,Digital Transformation and Innovation
Multi-cloud Utilization,Digital Transformation and Innovation
Partner Ecosystems,Digital Transformation and Innovation
Mobile App Development,Digital Transformation and Innovation
Omnichannel Marketing,Digital Transformation and Innovation
Predictive Analytics,Digital Transformation and Innovation
Business Process Automation,Digital Transformation and Innovation
BPA,Digital Transformation and Innovation
E-commerce,Digital Transformation and Innovation
M2M,Digital Transformation and Innovation
Machine-to-Machine,Digital Transformation and Innovation
Natural Language Processing,Digital Transformation and Innovation
NLP,Digital Transformation and Innovation
Personalization,Digital Transformation and Innovation
Real-Time Data,Digital Transformation and Innovation
Robotic Process Automation,Digital Transformation and Innovation
RPA,Digital Transformation and Innovation
Social Media Listening,Digital Transformation and Innovation
Supply Chain Management,Digital Transformation and Innovation
SCM,Digital Transformation and Innovation
Virtual Assistants,Digital Transformation and Innovation
Application Programming Interface,Digital Transformation and Innovation
Augmented intelligence,Digital Transformation and Innovation
Business Process Reengineering,Digital Transformation and Innovation
BPR,Digital Transformation and Innovation
Cognitive computing,Digital Transformation and Innovation
Containerization,Digital Transformation and Innovation
Data Governance,Digital Transformation and Innovation
Digital Culture,Digital Transformation and Innovation
Human-Centered Design,Digital Transformation and Innovation
HCD,Digital Transformation and Innovation
Low-code,Digital Transformation and Innovation
No-code development,Digital Transformation and Innovation
Microservices Architecture,Digital Transformation and Innovation
User Experience,Digital Transformation and Innovation
UX,Digital Transformation and Innovation
legacy IT systems,Digital Transformation and Innovation
employee performance/productivity,Digital Transformation and Innovation
business processes,Digital Transformation and Innovation
competitive advantage,Digital Transformation and Innovation
employee experience,Digital Transformation and Innovation
speed to market,Digital Transformation and Innovation
new products or services,Digital Transformation and Innovation
new business models/revenue streams,Digital Transformation and Innovation
Building the digital future,Digital Transformation and Innovation
Next-generation software development,Digital Transformation and Innovation
Digital trust and cybersecurity,Digital Transformation and Innovation
Compute and connectivity frontiers,Digital Transformation and Innovation
Advanced connectivity,Digital Transformation and Innovation
Immersive-reality technologies,Digital Transformation and Innovation
Quantum technologies,Digital Transformation and Innovation
Future of robotics,Digital Transformation and Innovation
Future of mobility,Digital Transformation and Innovation
Future of bioengineering,Digital Transformation and Innovation
Future of space technologies,Digital Transformation and Innovation
A sustainable world,Digital Transformation and Innovation
Electrification and renewables,Digital Transformation and Innovation
Climate technologies beyond,Digital Transformation and Innovation
as-a-service,Digital Transformation and Innovation
Corporate Social Responsibility,Sustainability and Impact
CSR,Sustainability and Impact
Sustainability Report,Sustainability and Impact
Value Proposition,Sustainability and Impact
Carbon Capturing Storage,Sustainability and Impact
CCS,Sustainability and Impact
Carbon Offsetting,Sustainability and Impact
Carbon Sequestration,Sustainability and Impact
Circular Economy,Sustainability and Impact
Closed Loop,Sustainability and Impact
Cradle to Cradle,Sustainability and Impact
Green Bonds,Sustainability and Impact
B Corp,Sustainability and Impact
Biodegradable,Sustainability and Impact
Biodiversity,Sustainability and Impact
Carbon footprint,Sustainability and Impact
Carbon offsets,Sustainability and Impact
Climate anxiety,Sustainability and Impact
CO2,Sustainability and Impact
CO2e,Sustainability and Impact
Flexitarianism,Sustainability and Impact
Greenwashing,Sustainability and Impact
Regenerative agriculture,Sustainability and Impact
Slow fashion,Sustainability and Impact
Sustainability,Sustainability and Impact
Upcycling,Sustainability and Impact
Active transport,Sustainability and Impact
Bioeconomy,Sustainability and Impact
Bioenergy,Sustainability and Impact
Biofuel,Sustainability and Impact
Biomimicry,Sustainability and Impact
Blue carbon,Sustainability and Impact
Blue economy,Sustainability and Impact
Built environment,Sustainability and Impact
Business model,Sustainability and Impact
Business resilience,Sustainability and Impact
Business transformation,Sustainability and Impact
Carbon credit,Sustainability and Impact
Carbon dioxide,Sustainability and Impact
Carbon dioxide equivalent,Sustainability and Impact
Carbon emissions,Sustainability and Impact
Carbon neutral,Sustainability and Impact
Carbon positive,Sustainability and Impact
Carbon zero,Sustainability and Impact
Climate action,Sustainability and Impact
Climate adaptation,Sustainability and Impact
Sustainable,Sustainability and Impact
Circular,Sustainability and Impact
Decarbonization,Sustainability and Impact
Low Waste,Sustainability and Impact
EPR,Sustainability and Impact
Extended Producer Responsibility,Sustainability and Impact
Carbon Negative,Sustainability and Impact
Deforestation,Sustainability and Impact
Fair Trade,Sustainability and Impact
Ethical Trade,Sustainability and Impact
Responsible,Sustainability and Impact
Greenhushing,Sustainability and Impact
Underconsumption,Sustainability and Impact
Overconsumption,Sustainability and Impact
Recyclable,Sustainability and Impact
Recycled,Sustainability and Impact
Greenhouse Gas Emissions,Sustainability and Impact
Sustainable Sourcing,Sustainability and Impact
CSDDD,Sustainability and Impact
Digital Product Passport,Sustainability and Impact
DPP,Sustainability and Impact
EUDR,Sustainability and Impact
EU Deforestation Regulation,Sustainability and Impact
Human rights due dilligence,Sustainability and Impact
Responsible business conduct,Sustainability and Impact
RBC,Sustainability and Impact
IFRS S2,Sustainability and Impact
Climate art,Sustainability and Impact
GHG,Sustainability and Impact
Eco-Friendly,Sustainability and Impact
Environmentally-Friendly,Sustainability and Impact
Energy Efficient,Sustainability and Impact
Organic,Sustainability and Impact
Compostable,Sustainability and Impact
Sustainable Business Practices,Sustainability and Impact
Carbon neutral,Sustainability and Impact
Net-zero emissions,Sustainability and Impact
Scope 1,Sustainability and Impact
Scope 2,Sustainability and Impact
Scope 3,Sustainability and Impact
Corporate Sustainability,Sustainability and Impact
ESG,Sustainability and Impact
Corporate Sustainability Reporting Directive,Sustainability and Impact
CSRD,Sustainability and Impact
Economic sustainability,Sustainability and Impact
Food in climate conversation,Sustainability and Impact
Regulations,Sustainability and Impact